Question Type,Question,Marks,Correct Answer,Option A,Option B,Option C,Option D
MC,What is the capital of France?,5,A,Paris,London,Berlin,Madrid
MC,Which planet is closest to the Sun?,5,A,Mercury,Venus,Earth,Mars
FB,The chemical symbol for gold is ___,3,AU,,,,
TF,The Earth is flat.,2,False,,,,
MC,What is 2 + 2?,5,A,4,3,5,6
FB,Water is composed of ___ and oxygen.,3,Hydrogen,,,,
TF,The Sun is a star.,2,True,,,,
MC,Which programming language is this system built with?,5,A,PHP,Java,Python,JavaScript 